name,sequence,length,aromatic_content,total_score,hydrophobic,aromatic,electrostatic,shape_complementarity,binding_specificity
RBX1_Docking_v1_033,LAIEYFLDVFADKEVRVEFAKAKYFWDEFAISRVLVYRVEYFLYYILYAELYKAYDSIDRVID,63,0.25396825396825395,0.8087385031341349,0.0,0.0,0.0,0.891590020894233,4.5
RBX1_Docking_v1_019,YKSYIKAYDFAYVLDVSFEWDVFSKDFVYIRFLEVWYEFRYVRVFKKARLKVWEIEDWAD,60,0.3,0.8036350265071739,0.0,0.0,0.0,0.8575668433811596,4.5
RBX1_Docking_v1_013,FDLLVEFYVVAAVDDYSLIVFVDWILRVWAYFVSIFFRYAFSDEELYVKLVYAFFIIKWEIAAEV,65,0.27692307692307694,0.5859342738765752,0.0,0.0,0.0,0.9062284925105014,3.0
RBX1_Docking_v1_002,IWFISRWIVWDSLAEIDFLKIVVFIFAADVFFFEIAFVLIIAFWVLVEEYDSDIIVYSKYFVIS,64,0.265625,0.5847838706756069,0.0,0.0,0.0,0.8985591378373796,3.0
RBX1_Docking_v1_018,RLLEDFWAYFLDEILLVIYDEAYILAYLVSSLKWIWALIARVVALDDEWFDFRFKAFVFKKDSF,64,0.25,0.5819987395187005,0.0,0.0,0.0,0.8799915967913373,3.0
RBX1_Docking_v1_048,LVLLALDKYEYWYKAVLIFKFAEFDSIIFVFIYFEFDEELESKKILDIVVEAKYDYYVLWVA,62,0.25806451612903225,0.5819285649068954,0.0,0.0,0.0,0.8795237660459694,3.0
RBX1_Docking_v1_027,DYYWAWILEVFAFAFFAVKDDDKRIFYWVVWLERDADEKVKDVILDSKVWIFADEFEVLFKVII,64,0.25,0.5810547012692249,0.0,0.0,0.0,0.8736980084614996,3.0
RBX1_Docking_v1_011,YRVASDYVRRYYFFLFSDYFYLLLDAVVYLLEKFWDEDEIDVYVDAYDIKRASVLFIKEIKEWLE,65,0.26153846153846155,0.5786522323958276,0.0,0.0,0.0,0.8576815493055179,3.0
RBX1_Docking_v1_035,YYVSIEFYLILIEAEDWDYVVKEFLSYILYKRFFWLDADAESYAIVKWLFELKVVFDKLLVK,62,0.25806451612903225,0.5784187493958115,0.0,0.0,0.0,0.8561249959720767,3.0
RBX1_Docking_v1_036,VRFVRLYFEYFSDIAAISIDIRIFVFKVFYLFWVDKLYLEFVWKIILLVDDDKDIVVDDVYDF,63,0.25396825396825395,0.5775602585941194,0.0,0.0,0.0,0.8504017239607962,3.0
RBX1_Docking_v1_008,YWIYKKAWYVIDVDFLEIFFAEEWRKEADYDLDEIIIYFRSADKEEDDAKLLWFLFIKFLKVV,63,0.25396825396825395,0.5754325589308505,0.0,0.0,0.0,0.8362170595390037,3.0
RBX1_Docking_v1_041,EVWVDFSKVKLRIRDLKYYLVFWYIRRDIAYADKELYVLEAFVWYKSVFALAEWFRVFDIVI,62,0.25806451612903225,0.5741991963326689,0.0,0.0,0.0,0.8279946422177935,3.0
RBX1_Docking_v1_029,VFALVEILFIYWKAAWDILDFSDYYLVLVIWKVDEKSWSISVKFYKFISWEVLRELIYEIFIFRL,65,0.26153846153846155,0.5741614849720433,0.0,0.0,0.0,0.8277432331469556,3.0
RBX1_Docking_v1_045,DFKAIFILKVEASDSLKLDILFVWVWDELLVVILSLLEEYYWLDFLIDYFWLIIVVFYFWKI,62,0.25806451612903225,0.5737616065427991,0.0,0.0,0.0,0.8250773769519945,3.0
RBX1_Docking_v1_003,LSAWFVEFWRDYFLLDADIEELVAVSVSIIEFSLAFDWLKEFALVKWIEFRRERLVLAWYDVFFYV,66,0.25757575757575757,0.5719717215343482,0.0,0.0,0.0,0.813144810228988,3.0
RBX1_Docking_v1_043,EDFVVWEVEDIKYKRRFFFLEIYDKRIDFDFFLKYYVYAVIYVELRDYWEKRLLADEVILFALED,65,0.26153846153846155,0.5715517704647045,0.0,0.0,0.0,0.8103451364313637,3.0
RBX1_Docking_v1_007,LVSLLIKEIILYLAFVEFYAYAKLIKELIYADLYYIFFKDALLFDILWELYYFDEALVFKDDLIFA,66,0.25757575757575757,0.5704370273300442,0.0,0.0,0.0,0.8029135155336286,3.0
RBX1_Docking_v1_050,VLLDYIADFEDERRYWFLVDDKVYEWSSKWLYKLKLLLWSLLFIDRDWVIKWLFIEWRADIKY,63,0.25396825396825395,0.566371122523678,0.0,0.0,0.0,0.7758074834911876,3.0
RBX1_Docking_v1_049,FFYAFFYKIIAWIVKDLVVERFVVLEIEDDFFKIELDIFKLWFIDAKRFLDDLWDVEYWIIRSSVD,66,0.25757575757575757,0.5661325004754783,0.0,0.0,0.0,0.7742166698365217,3.0
RBX1_Docking_v1_017,AIKFVDFYVLLWVVEWFLLALIAFRKWEFAIIIKSKFSYDVLFASLVVFIDAEIKYFEERFLDDWEA,67,0.2537313432835821,0.5636443956651944,0.0,0.0,0.0,0.7576293044346295,3.0
RBX1_Docking_v1_010,FDDERFYASADLYLIFYVWVLSASFRAWVFYFLIALFVFIVDEFDIFIARWWFVYEVRFEIFDFASI,67,0.34328358208955223,0.5630770691515161,0.0,0.0,0.0,0.7538471276767743,3.0
RBX1_Docking_v1_046,YVEDYVIKFREEYFKDDIYKVEIFLFFEAKLRFAKVKEEWLLSRFWELYDRDWIRDVFLKELFEEE,66,0.25757575757575757,0.5603006133417852,0.0,0.0,0.0,0.735337422278568,3.0
RBX1_Docking_v1_001,AFFRKKEFEAVSIVLWAFSSLFKVDWLILLESKAIIWKWEFFIEFEDDYVDFYKFASAEEVDAYELKV,68,0.25,0.55961305182116,0.0,0.0,0.0,0.7307536788077336,3.0
RBX1_Docking_v1_042,AWDEILDAFEWVFASDIWVLWDRYKRFRKLWIKDEKLFFDDEERFKDIKAFYVFREVFDKEFEDIFF,67,0.2835820895522388,0.5553012532988544,0.0,0.0,0.0,0.7020083553256964,3.0
RBX1_Docking_v1_012,WLEAEFRIWYAIDKEEYDREYFLILSFFKWVLKFDKLWFELIEIAWALVVEFKIIILVAKEEVWDLF,67,0.2537313432835821,0.5547230419262693,0.0,0.0,0.0,0.6981536128417959,3.0
RBX1_Docking_v1_039,FVFVDLAAAVIYIAWYDFDWKRIILRRFFYISLDVDIILYDDIKVFFIIEALDIEWDVYLSVFIYVIFS,69,0.2608695652173913,0.5473862172368903,0.0,0.0,0.0,0.6492414482459355,3.0
RBX1_Docking_v1_004,VFEYDWFDKFWKDIEIKRDYLVLEDILFLYEWRIEVYKDVLRVKFFFLDVSRSAVWIAIKLIAFKVIY,68,0.25,0.5473187089943302,0.0,0.0,0.0,0.6487913932955349,3.0
RBX1_Docking_v1_020,KAAWFDRLVEFIDSILERDYKYKISSYVYRLIEEFYWYEFVSVFLLVIAAWLEYWESVVFAVEWLERDL,69,0.2608695652173913,0.5458791696256518,0.0,0.0,0.0,0.6391944641710118,3.0
RBX1_Docking_v1_024,LRDIKKDLLFAYESKFLRKVEYYKDILFIVDRFLYEFVDIRWIFVYLYDFEIKIDYYVVVVVREEFEL,68,0.25,0.5457708349906252,0.0,0.0,0.0,0.6384722332708347,3.0
RBX1_Docking_v1_014,YAFEVFFRVKAFIRYIILVLDDEYLRVYSWKIKDLKFVAYADIVAKKWFIVEFFDLRKDDDEIFVWDAW,69,0.2608695652173913,0.5442741308233972,0.0,0.0,0.0,0.6284942054893145,3.0
RBX1_Docking_v1_023,KKYFWLIFEYKWEAVWYILLKSRFFFFDARAFELIRIYAFASAKIFIYIERADDKKDFEKKVSVFVIDD,69,0.2753623188405797,0.544119925164522,0.0,0.0,0.0,0.6274661677634805,3.0
RBX1_Docking_v1_026,IELILLFKDFDDVIVDFASSYERRIIVILDFKSWELIFYVRSFARKVEFELLFFEFRFDWFVIDWESLY,69,0.2608695652173913,0.5436865064665855,0.0,0.0,0.0,0.624576709777237,3.0
RBX1_Docking_v1_044,FDFYLKRILYFDVVEDFSVIWDLREAFRDRVYYRDIDFDIFKKLLIEFFLADFYDLRAVDFSYFYFDDK,69,0.30434782608695654,0.5433585278908302,0.0,0.0,0.0,0.6223901859388684,3.0
RBX1_Docking_v1_034,YALVFYRLLEEYVAFVFAYLLDWIELSLAWEIIYVAIWFWEIIVSFLYVIAVEKFELFAELIVKDLVFLL,70,0.2571428571428571,0.5393785498402109,0.0,0.0,0.0,0.5958569989347398,3.0
RBX1_Docking_v1_006,AKEDYDLWLAIDWFAYALIKDRVLKWFLDSFISELFVELVLVWIWEVIDLIVKEKFFAFFIDRSLYDYDWW,71,0.2676056338028169,0.5313045046706123,0.0,0.0,0.0,0.5420300311374159,3.0
RBX1_Docking_v1_040,WSKARYKELERFVFDERFIYDKDVDKDDLYLDFFASEYYEFRVDWDLFRLYISDLDDVVIWIRLRFEFKDR,71,0.2535211267605634,0.529698389204136,0.0,0.0,0.0,0.5313225946942404,3.0
RBX1_Docking_v1_031,IRAFLLVYLVEKSLDLEVFVWYFDEEALLYVDDYARWIYRWYFWEIDDFLLRESDLFIRWVRLIEFLLILV,71,0.2535211267605634,0.5276535376128695,0.0,0.0,0.0,0.5176902507524638,3.0
RBX1_Docking_v1_032,FVFYFYVILIIDRLLFLVASVRDLEKDWIAIEYVAVDEELYYVLSFYYIEIFVYLIEVSLWKIAYVLLFKEE,72,0.25,0.5263328668286962,0.0,0.0,0.0,0.5088857788579748,3.0
RBX1_Docking_v1_015,VFAFYYFEIAYLDIEYDVKWVRAYDADRFIKERIELKEYKFDLDEVWRREDKDLIVVYVFVEFSFAELDKFF,72,0.2638888888888889,0.5261897849385911,0.0,0.0,0.0,0.5079318995906082,3.0
RBX1_Docking_v1_021,LAIYKWAVYFSLFFWYVISEAVVSEVLEDYVISLLVVLDLDWEVYLDVAKVRLAYFAWKFEYRRKDFEVFVLF,73,0.2602739726027397,0.5235259147566474,0.0,0.0,0.0,0.49017276504431684,3.0
RBX1_Docking_v1_028,YVIEVESDLVVFIRFYVEDLEAAEDVKVFDFEAARSLVWKWWSLRLRKSKYFFSVDLFAIVLVEFVDWFFFFR,73,0.2602739726027397,0.5235052734095027,0.0,0.0,0.0,0.490035156063352,3.0
RBX1_Docking_v1_038,DISDAIFFKVFWVFAEAIYVEWVRLIVFWFVKDLFEEYVKLEAVDWDAKWVVIILYKALYSVSDYEYWLLDLIS,74,0.25675675675675674,0.5185212670328936,0.0,0.0,0.0,0.4568084468859574,3.0
RBX1_Docking_v1_030,VWYYWFELFKVRWDYVEAVEIEAALLLWDKVAIVAYIWLIYRELIFIYILDIEFAYEDVYDVKFWFVYRYELS,73,0.3013698630136986,0.5180218236951665,0.0,0.0,0.0,0.45347882463444356,3.0
RBX1_Docking_v1_005,YADRDLADRYALLLRVLKWVIIAWAIYEDKIELEFERLIFDIYDIVREEDVLVYFDYVVVFWLFFEYFRFFWW,73,0.2876712328767123,0.517245079421539,0.0,0.0,0.0,0.44830052947692667,3.0
RBX1_Docking_v1_009,KEEELLFIIIKYWFELDFWVLIDLWVYWIAKKFWVDKDEDDYLVKVFELYILYWKAYSYEAIIELKFERERVAD,74,0.25675675675675674,0.5123577049900426,0.0,0.0,0.0,0.415718033266951,3.0
RBX1_Docking_v1_016,SRKRRIYVYWLIYILVDRLDFDYFIWAFIYIEEFLIFLLRFDLDIFAKFEVEDYIDVSFEYDFKVKKRVSIDIDL,75,0.25333333333333335,0.5087895417070956,0.0,0.0,0.0,0.39193027804730385,3.0
RBX1_Docking_v1_025,IFDSWLVIEEADEVADVYILLKYLFFKRDLEKVIIYLIIWWFFFKVVSYVEYFEKLFWELLAYIVLIEIIEFWIY,75,0.28,0.5076859709209269,0.0,0.0,0.0,0.3845731394728463,3.0
RBX1_Docking_v1_022,LLLFAKFLLFELSIWSLDFLRKVDDWFVYIYLASIDDELVYYLIFIKIVLVLRYVLDDIELDVYEAK,67,0.208955223880597,0.4111277984066686,0.0,0.0,0.0,0.7408519893777905,2.0
RBX1_Docking_v1_037,ELKWIALFAREWRLARDVDREWEIKDAFLLKFILYFASDDLKFAVEAKFSFDVFKEFKYEDEIVSRFDDDD,71,0.2112676056338028,0.3875179012370287,0.0,0.0,0.0,0.5834526749135245,2.0
RBX1_Docking_v1_047,RLDFIYARVWSFYWVWELFKWAVLIKYSDIVIVVDDRDFDAAFAAEVSAFIVADEFIVAAVEEFSIKDWKDIVVF,75,0.22666666666666666,0.3700840462376272,0.0,0.0,0.0,0.46722697491751475,2.0
