Rank,Name,Sequence,Length,Composite_Score,Binding_Score,Druggability_Score,Structural_Score
1,RBX1_V4_Opt_001_mixed,MELQETPWWFDNQEYDRFWTIKFFFSHWGFRKLDEFEHSHHDRWLTYHHIDWKEPKWWKWWRFWTRKDVLKFPNKVARSD,80,1.731,3.000,1.000,1.000
2,RBX1_V4_Opt_002_mixed,MRQWEYLRWWLRKPWWEHHRFIDAFEWGFFTYNYAHRKDDESPHNYLRYEWLFDWPHSHLFYKLWKWFYSWHWWEEFWKL,80,1.731,3.000,1.000,1.000
3,RBX1_V4_Opt_003_mixed,MELQLTPWWFDNQEYDRFWTIKFFFSHWGFRKLDEFEHSHHDRWLTYHHIDWKEIKYWKWWRFWTRKDVLKFPNKVARSD,80,1.731,3.000,1.000,1.000
4,RBX1_V4_Opt_004_mixed,MEVAANFSRKDVITIEWATFKWDYLEKFWEFWNLRFFHSHSPISYLPHHRFPYNDRWWKETWLAEWGFKIADIRLKF,77,1.731,3.000,1.000,0.997
5,RBX1_V4_Opt_005_mixed,MFLKPTVFKWYPKFAYEYHHFRDFLLHWGFLERYLWSRKDKQSWWFHWWEYSWVRPHSHHYADFKSWFSDLLQRKWEWF,79,1.730,3.000,1.000,0.992
6,RBX1_V4_Opt_006_mixed,MELKPTVFKWYWKFAYEYHHFRDQLLHWGFLERYLWSRKDKQSWWFHWIEYSWVKPHSHHYADFKSWDSDLLQRKWEWF,79,1.730,3.000,1.000,0.992
7,RBX1_V4_Opt_007_mixed,MLSFKRSWWEWVSWYDFWWPLAEFEFWGFFKLSKSKHSHEELELFLHHIYAPVFKFWYQDFVLSWRKDYDEFWERK,76,1.730,3.000,1.000,0.992
8,RBX1_V4_Opt_008_mixed,MLSFKRSWWEWVSWYDFWWPLAEFEFWGFFKLSKSKHSHEELERFLHHIYAPVFKFWYQDFVLSWRKDYDEFWERK,76,1.730,3.000,1.000,0.992
9,RBX1_V4_Opt_009_mixed,MAKRYEYYWGFEIYYKPRHHFKEPADWHSHYFWPKFTWFSWWDDFHWWHFSLQRLFDYNVDVTKDRKDRYWIRLARRD,78,1.729,3.000,1.000,0.990
10,RBX1_V4_Opt_010_mixed,MWDEHRSFWFNLEKRLPRKDLFKWRWFHHFEDLSWWSWYTWDFLYNWGFWKHKFDFHSHPWQQNWFTWIKLKSVFEDY,78,1.729,3.000,1.000,0.990
11,RBX1_V4_Opt_011_mixed,MAKRYEYYWGFEIFYKPRHHFKEPADWHSHYFWPKFTWFSWWSDFHYVHFSLQRLFDYNLDVTKWRKDRYWIELARRD,78,1.729,3.000,1.000,0.990
12,RBX1_V4_Opt_012_mixed,MELQETPWWFDNDEYDRFWTIKFFFSHWGFRKLDEFEHSHHERWLTYHHIDWKEPKWWKWWRFWTRKDVLKFPNRVARSD,80,1.729,3.000,1.000,0.988
13,RBX1_V4_Opt_013_mixed,MEVAASFSRKDVITIEWATFKWDYLEKFWEFWNLRFFHSHSEISYLPHHRFPYNDRWWKETWLAEWGFKIADIRLKF,77,1.728,3.000,1.000,0.984
14,RBX1_V4_Opt_014_mixed,MYKFDYLVHSHSWKPIDWHHWYFKAEQWWYQLPEQERKDFIWRPKHWGFKNFWKRPWFDQWYRNSFWYEFFSLYEWD,77,1.728,3.000,1.000,0.984
15,RBX1_V4_Opt_015_mixed,MPRFETLAHSHEFFRRWWWGFREDEWFDFWKFNYDQRDHHVYVNYHHWWTWFRRLLEFVDPLAFKRKDWVLNWNDLWLR,79,1.728,3.000,1.000,0.982
16,RBX1_V4_Opt_016_mixed,MFLKPTVFKWYWKWAEEYHHFRDPLLHWGFLERYLWSRKDKQSWWFHWWEESWVRPHSHHYADFKSWFSDLLQRKDEWR,79,1.728,3.000,1.000,0.982
17,RBX1_V4_Opt_017_mixed,MNQFYLDKWGFDFYLRLTRKDFLWHWHFHHLFLDWWRWWRDVFVEDWFKVRPTQWHSHPKEKQFKFWRAVQEDIKKKEY,79,1.728,3.000,1.000,0.982
18,RBX1_V4_Opt_018_mixed,MWDEHRSFWFNLEKRLPRKDLFKWRWFHHWEDLSWWSWYTWDWLYNWGFWKHYFDFHSHPWQQNFFTWIKLKSVFEDY,78,1.727,3.000,1.000,0.977
19,RBX1_V4_Opt_019_mixed,MAKRYEYYWGFPIYYKPRHHFKEPADWHSHYFWPKFTWFSWWDDFHWWHFSLQRLDDYNAIVTKDRKDRYWIRTTRRD,78,1.727,3.000,1.000,0.977
20,RBX1_V4_Opt_020_mixed,MLSENWWFHSHRVDNKLLRKDWVLQFYKWFWTFVAPLWGFFAEFRKFWTFWLRWLKHHRENTFVDFWYEANWASELWP,78,1.727,3.000,1.000,0.977
21,RBX1_V4_Opt_021_mixed,MWDEHRSFWFNLEKRLPRKDLFKWRWFHHWEDLSWWSWYTWDWLYNWGFWKHFFDFHSHPWQQFFFTAIKLKSVFEDY,78,1.727,3.000,1.000,0.977
22,RBX1_V4_Opt_022_mixed,MYKFDYLVHSHSWKPIDWHHWYFKAESWWYQLREQLRKDKIWRPKHWGFYNFDKRFWFDQFYRNSFWYEFFSLWEWF,77,1.726,3.000,1.000,0.971
23,RBX1_V4_Opt_023_mixed,MNQFYLDKWGFDFYLRLTRKDFLWHFHFHHLFLDWWRWWRDVFLEDWFKVRPTQWHSHPKEKQFKFWRAVQEDIKKKEY,79,1.725,3.000,1.000,0.970
24,RBX1_V4_Opt_024_mixed,MFSFKRSWWEWVSWYDFWWPLWEFEFWGFFKFSRSKHSHEELDLFLHHIYAPVFKFWYQDFVLSWRKDYQEFWERK,76,1.725,3.000,1.000,0.966
25,RBX1_V4_Opt_025_mixed,MWDDAARSRKDDQWEFADFWELEFPDWKWGFKWTRFEPHSHYREHFTKHHNIRKWDWWWKVVQWFDWFKLVLDRFVWE,78,1.724,3.000,1.000,0.964
26,RBX1_V4_Opt_026_mixed,MLSYNWWFHSHRVDNKLERKDWVLQFYKFFETFVAPLWGFFAEFRKFWTFWYRWLKHHRENTFVDFWYEANWASWLLP,78,1.724,3.000,1.000,0.964
27,RBX1_V4_Opt_027_mixed,MWDDAALSRKDDQWEFADFWELWFPDWKWGFKWRRFEPHSHYREHFTKHHNIRKQDWWWKVVQWFDWVKLVLDRFVWE,78,1.724,3.000,1.000,0.964
28,RBX1_V4_Opt_028_mixed,MASIQPYPWGFSWKLWAEHSHLFFDNVSWFWKDALRYRKDLVAKYLEFWTIFFHFAEWWWSYVKQLHHWYWELYAKWYSW,80,1.724,3.000,1.000,0.963
29,RBX1_V4_Opt_029_mixed,MYKFDYLVHSHSWKPIDWHHWYFKAEQWWYQLREQLRKDKIWRPKHWGFYNFWKRFWFDQFYRNSFWYEFFSLWEWF,77,1.723,3.000,1.000,0.958
30,RBX1_V4_Opt_030_mixed,MLYELLFKWGFELWIKYYHSHVFKYFKLWKLVKLQRPWWPFNLERVHHWFFTKDWRKDTEFVWDFFEYWKAFEYFHLNL,79,1.723,3.000,1.000,0.957
31,RBX1_V4_Opt_031_mixed,MLYELLFKWGFELWIKYYHSHVFKYFKLWKLVKLQRPWWPFQLERVHHWFFTKDWRKDTEFVWDFFEYWDAFEYFHLNL,79,1.723,3.000,1.000,0.957
32,RBX1_V4_Opt_032_mixed,MLSYNWWFHSHRVDNKLLRKDWVLQFYKWFWTFVAPLWGFFAEFRKFWTFWLRWLKHHRENTFVDFWYEANWASWLWP,78,1.722,3.000,1.000,0.951
33,RBX1_V4_Opt_033_mixed,MWDDAARSRKDDKWEFADFWELEFPDWKWGFKWTRFEPHSHYVEHFTKHHNIRKWDWWWKVWQWFDKFKLVLDRFWWE,78,1.722,3.000,1.000,0.951
34,RBX1_V4_Opt_034_mixed,MLEVSDKSFWTVNDFSRWHHFTWDLFHWGFYPKLPERHSHFEFLFKYRKDEWFYKKYWKWFARFFSWWFHDWNVFWHADW,80,1.721,3.000,1.000,0.950
35,RBX1_V4_Opt_035_mixed,MRFWEYLRWWLRKFWWEHHRFIDAFEWGFFTYNYVHRKDDESPHNYFRYEWLFDWPHSHLFYKLWKWFYSVHWVEEFWKL,80,1.721,3.000,1.000,0.950
36,RBX1_V4_Opt_036_mixed,MASIQPYPWGFSWKLWADHSHLFFDFVSWFWKDALRYRKDLVAKYLEFWTIFKHFAEWWWSYVIQLHHWFWELYAKWYSW,80,1.721,3.000,1.000,0.950
37,RBX1_V4_Opt_037_mixed,MLYELLFKWGFELWIKEDHSHVFKYFKLWKLVKLERPWWPFNLERVHHWFFTKDWRKDTEFVWDFFELWKAFEWFHLNL,79,1.720,3.000,1.000,0.944
38,RBX1_V4_Opt_038_mixed,MASIQPYPWGFSWKLWAEHSHLFFDFVSWFWKDALRYRKDLVAKYLEFWTIFFHFAEWWWSYVIQLHHWFWELYAKWYSW,80,1.719,3.000,1.000,0.938
39,RBX1_V4_Opt_039_mixed,MEWFFPLYRWYDYPEAFYHSHFRVFDANWFTWFNPWAHHEVLIHAVWGFLDVRFLERKDYEWFLRHWWWPYRRYLSFWSF,80,1.719,3.000,1.000,0.938
40,RBX1_V4_Opt_040_mixed,MPRFATLAHSHEFVRRWWWGFREDEWFDFWKFNYDQRDHHVYVNATHWKRWFRRLLELVDPLAFKRKDWVANWNDLWLR,79,1.718,3.000,1.000,0.932
41,RBX1_V4_Opt_041_mixed,MPHYYDDDWFLPFSRVWRWYEKYHDVFSYKERHDVRHSHLITVWYHWGFLEWDWRVHHFDWWIRFRKDVVEYVYKF,76,1.717,3.000,1.000,0.926
42,RBX1_V4_Opt_042_mixed,MDHYYLDDWFLPFSRVWRWYQKYHDVFSYKERHDVRHSHLITVWYHWGFLEWDWRVHHFDWWIRFRKDVVEYVYPF,76,1.717,3.000,1.000,0.926
43,RBX1_V4_Opt_043_mixed,MWDDAARSRKDDQWEFADFAELEFPDWFWGFKWTRFEPHSHYREHFAKHHNIRKWEWWWKVVQWFDWKKLLLDRFVWE,78,1.717,3.000,1.000,0.926
44,RBX1_V4_Opt_044_mixed,MLREENWWWEFWFDNRKDWVNEIVSFERHRAFHHSRLHVPFWYHWAWKPWGFEKTLLIHSHIYRYEPLLAPLLE,74,1.714,3.000,1.000,0.995
45,RBX1_V4_Opt_045_mixed,MLREENWWWEFWFDNRKDWANIIVSFERLRAHHHSRLHVPFWYHWAWKPWGFEKKLFIHSHDYRYNPLLAPFLE,74,1.714,3.000,1.000,0.995
46,RBX1_V4_Opt_046_mixed,MFRDWKFFEYFTLKFAHSHSDEQFPHHLLRETEWFKYLSEWRWTDFHVWWGFKDFQLLRKDIPQEAYWNREWWF,74,1.714,3.000,1.000,0.995
47,RBX1_V4_Opt_047_mixed,MLREENWWWEFWFDNRKDWANEIVSFERLRHFHHSRLHVPFWYHYKWKPWGFEKTLFIHSHFYRYEPLLAPLLE,74,1.714,3.000,1.000,0.995
48,RBX1_V4_Opt_048_mixed,MFRDWQFFEYFTLKWAHSHSDEQFPHHLLREFEWFKYLSLWRWTDFHVWWGFKDFQLLRKDIPQEAHWNREWWF,74,1.713,3.000,1.000,0.992
49,RBX1_V4_Opt_049_mixed,MLRVQYWEWYATVWDQRKDDWWLDWWTAPYWADWGFFLQLLFHSHADKQWKWFRFFRDYHHHVLPRPKLLFE,72,1.712,3.000,1.000,0.983
50,RBX1_V4_Opt_050_mixed,MLREENWWWEFWFDNRKDWANEIVSFERLRAFHHSRLHVPFWYHWAWKPWGFEKTLFIHSHIYRYEPLLAPLLE,74,1.711,3.000,1.000,0.981
51,RBX1_V4_Opt_051_mixed,MWRFRFQWFWRFERDFWDWAWSYDRKDSFFLRDWGFFSLPFYRWLRLIPYHHLAFEYWHSHFLRLWERDTQLLF,74,1.711,3.000,1.000,0.981
52,RBX1_V4_Opt_052_mixed,MNLYRWAEWYEFERNWHSHWLYPYVHHYAEQKLWGFEYAWQRWFHPLWVPWWSIKQFYRKDEFYVEWPEAYHLF,74,1.711,3.000,1.000,0.981
53,RBX1_V4_Opt_053_mixed,MEWKLEEWGFFDQVEKRKDIAWPWEWFEARTRLHSHFFWKFPHHWFASRWWELREWLQFWYRYEHWYHIVHTW,73,1.710,3.000,1.000,0.975
54,RBX1_V4_Opt_054_mixed,MRLRDFWSWDPRDKWRKDSENLNWFSYTYWEPYWFTEKFTKHHRHDRLVHSHAKYEDWWGFDDFDYQVKDWK,72,1.709,3.000,1.000,0.969
55,RBX1_V4_Opt_055_mixed,MYRQQYKEWYATVWDQRKDDWWLDWWTAPYWADWGFFLQLLFHSHADKLWKWFRFFRDYHHHVLPRPKLDFE,72,1.709,3.000,1.000,0.969
56,RBX1_V4_Opt_056_mixed,MQFEEQWWGFDWKLFPWFRPFWYEHHYVERWLHSHVWERTKRKDLWWKPRFWYKYDDWKWWSIWHRPYVRWWFE,74,1.703,3.000,1.000,0.941
57,RBX1_V4_Opt_057_mixed,MFEWKYWHSHPLELHWWFPIRWKDHHSALFNWFRYWWHYWRWWSEVWAHRKDTWFWEQWGFRWLSFEFWSDFF,73,1.702,3.000,1.000,0.934
58,RBX1_V4_Opt_058_mixed,MHYYPFFHHAEPFDAHSHVWLNTFWGFSVQLDLWTIYRRFWRKDFYYERWFSYAKWEFLKFFIKYFDINLTIR,73,1.699,3.000,1.000,0.921
59,RBX1_V4_Opt_059_mixed,MEYWWPVWWTYLFHYWGFFQWITPRKDEKKEYWHHFWVHLFHSHFHWTWEWFKFKYKFFRYADWLTEWWKLQRE,74,1.692,3.000,1.000,0.886
60,RBX1_V4_Opt_060_mixed,MFHWEDESHSHIFSVFEFWRWRWAVTTHHFLIPSWVRWQFKWYELFTYSRLVDRVWGFQWFHEPERKDRRLLFSFDH,77,1.692,2.903,1.000,0.971
61,RBX1_V4_Opt_061_mixed,MHLKQEQEFWKVTKDAKWHSHFYSLFRFWGFANIKDWYEFKWRWYWNWWSYQEYREHHWKYEQFTRKDLEDFDKWRT,77,1.691,3.000,1.000,0.798
62,RBX1_V4_Opt_062_mixed,MLEASLDSHSHSLTHQKSFWYKFWSWKRWFQEDLLFEWGFYRWETYKHHQIWDIFKWWTWEFYKERKDPWLLKFAFKEW,79,1.691,3.000,1.000,0.796
63,RBX1_V4_Opt_063_mixed,MLWRFEDARKDYYIPFDRFWELFTHDKWHHEFRSFWWHSHKNWTKYATWAQYRDYVWGFEYIFDEKWFAKQKSANDSV,78,1.690,3.000,1.000,0.792
64,RBX1_V4_Opt_064_mixed,MLVDYQHYFDYYKLETAWKFFFDYYEWWRWELSLAHHHVLDKQWRWGFVYQNKQRRKDAFEWNIKHSHLHTNYFYEP,77,1.690,3.000,1.000,0.792
65,RBX1_V4_Opt_065_mixed,MYKQDYLVHSHSWKPIDWHHWYFKAEQWWYQLREQLRKDKIEREKHWGFYNKWKRFWFDQSYRNSFWYEFFSLWEWF,77,1.690,3.000,1.000,0.792
66,RBX1_V4_Opt_066_mixed,MEHESYRKWWHRHQREFWTFWYDYFWHHRDFDQRVFRYHFDFYPYRKDYYWEHWSHSHYFHDLLDWGFKWFTLYNVK,77,1.685,3.000,1.000,0.767
67,RBX1_V4_Opt_067_mixed,MQEEHAYTWWTLFKFYFHSHEVARNWKRKDEWYKDWRHHVDWLFRSFWTFQRAVFPWFEWSAKWKWGFFLHEWFDSF,77,1.685,3.000,1.000,0.767
68,RBX1_V4_Opt_068_mixed,MADYREEAHSHDWAAKHFFTYRWFIKYQRKDEVVLRFHWGFWFNFYIKWWNDKFWHYHHKEEEHWIKFYFKEFRYF,76,1.684,3.000,1.000,0.762
69,RBX1_V4_Opt_069_mixed,MEVLVKEVWKFIVEYWDWGFNSEVLTEHHFFKFWAHRKDWRWWFEEWWYTHRRNRFWRFWNKDWEHSHTKKYSPFSTQ,78,1.684,3.000,1.000,0.761
70,RBX1_V4_Opt_070_mixed,MARFLWKAWFEFNKNDYFKYIRWKAFSWWDFLSLRWRKDWERPYENWGFERYSRYWHHEELYERWHSHDKLNEYYFDY,78,1.684,3.000,1.000,0.761
71,RBX1_V4_Opt_071_mixed,MADVEREIWWSWKKWFYHSHLVRQKQAWGFVRLQFRYWSWLWPKEFRKDKEWIANLFEYKWFLETWHHWLKAREDFVKE,79,1.683,3.000,1.000,0.755
72,RBX1_V4_Opt_072_mixed,MLKFRWVYHHYENYWLKWFSFFHEWIWGFREFEDFNHSHDWKWYKRWWDWFSRWIEWYEYAARYWRKDWYSAALPI,76,1.682,3.000,1.000,0.752
73,RBX1_V4_Opt_073_mixed,MVSFKRKWWTWVSWYDFWWRLFEFEFWGFFKFSKSKHSHDEYELFLHHIYAPVFKFWYKDFVLSFRKDYDEFWERK,76,1.682,3.000,1.000,0.752
74,RBX1_V4_Opt_074_mixed,MELQETPWWFDNQEFDRFWTIKFFFVHWGFRKLDEFEHSHHDRELTYHHIDWKEPKRWHWFRFWKRKDYLKFPNKVARSD,80,1.681,3.000,0.800,0.975
75,RBX1_V4_Opt_075_mixed,MWDNYLLQWGFFSATWYEHSHWARFWWDWFKYDVFADFWYRVWTARLWEIWEIWVNHHFSKFPYLRKDREQRKVWET,77,1.681,3.000,1.000,0.746
76,RBX1_V4_Opt_076_mixed,MWESSIVDWWDWVSIAWHHFRFQDWWRKDADWWYKQFWYRIRWVVEWFDYSETAWHSHKRRSQEEWGFERKFFFEIW,77,1.681,3.000,1.000,0.746
77,RBX1_V4_Opt_077_mixed,MYDYATQWFKYWLHREWLSWNFWENYRRKDFWEIRFYWGFFEYHRYTHHHDYFQDVWKYWELWFRHSHFVWESNWKP,77,1.681,3.000,1.000,0.746
78,RBX1_V4_Opt_078_mixed,MEYWWKIKWGFWEFRLKKWWEIAHDDKHSHLYFDRVAKFNIYYRKQFWDLLVEEYYRKDWSLRFKLHHERAYEWPVFDF,79,1.681,3.000,1.000,0.745
79,RBX1_V4_Opt_079_mixed,MFKFHWRYRKDYVFDWFEHHFFFKVKEWWLDLRFDLFTYYKRWRWFHSHKDAQFWEWFRYHDLFTWGFLRFKATVNWLE,79,1.681,3.000,1.000,0.745
80,RBX1_V4_Opt_080_mixed,MNHFYLDKWGFDFYERWTRKDFLWHFHFHHLFLDWWRWWRDVFDEDWFKVRPTSWHSHPKEKEFWFWRPVQEDIKKKEY,79,1.680,3.000,0.800,0.995
81,RBX1_V4_Opt_081_mixed,MFVSWVDAHSHVRAQDNYRKDFAKNLSTWWLKTRLRVFKYEWDLRWPWFHESQKYWWGFFEFTPPTHHKRKKYHKEEWV,79,1.680,3.000,0.800,0.992
82,RBX1_V4_Opt_082_mixed,MLSFKRSWWEWVSWYKFWWPLAEFEFWGFFLLSLSKHSHEELELSLHHIYAPVFKFWYQDFVLSWRKDYDEFWERK,76,1.680,3.000,0.800,0.992
83,RBX1_V4_Opt_083_mixed,MYDLELHNHSHEYWLDAVRFWPIELLRWGFYEEQLIKWWLQYFELARKDWWFPILDHHWLYEFFRFWYQTFDKWWHWWKL,80,1.679,3.000,0.800,0.988
84,RBX1_V4_Opt_084_mixed,MPLQETPWWFDNQEYDHADTIKFFFSHWGFRKLDEFEHSHHDRWLTYHHIYWAEPKWWKWWRFWTRKDVLKFPNKVARSD,80,1.679,3.000,0.800,0.988
85,RBX1_V4_Opt_085_mixed,MLKYEYWPRKDFQHFHKRWWKWYDWNLWGFQLVFKFFHSHFWHWYYNHHFTEYLKFFTYEEWQYSYWSLATFKFVQFEK,79,1.679,3.000,1.000,0.735
86,RBX1_V4_Opt_086_mixed,MEVAASFSRKDVITIEWATFKWFYLEKFWEFWNLRFFHSHSEISYLPHHRFPYNDRWWKETWLAEWGFKIADIRLKY,77,1.678,3.000,0.800,0.984
87,RBX1_V4_Opt_087_mixed,MFLVPTYFHWYPKFAYEDHHFRDFLLHWGFLERYLWSRKDKISWWFHWWEYSWVRWHSHHYADFKSWFSDLLQRKWEWF,79,1.678,3.000,0.800,0.982
88,RBX1_V4_Opt_088_mixed,MPRFEPLAHSHEFFRRWWWGFREDEWFDFWAFNYDQRDHHVYVNYHHWWTWFRRLLEFVDPLAFKRKDAVLNWNDQWLR,79,1.678,3.000,0.800,0.982
89,RBX1_V4_Opt_089_mixed,MFLKPTVFKWYPKFAYEYHHFFDFLLHWGFLERYLWLRKDKDSWWFHWWEYSWVFPHSHQYADFKSWFSDLLQRKWEWF,79,1.678,3.000,0.800,0.982
90,RBX1_V4_Opt_090_mixed,MWKVDWRFRKDRDFPFFRWWSYKLFKEFWKFLRWDREHSHEEWYWKLHHLERRDTDWGFRNLWSDDWFEEFWKFFEELSW,80,1.677,3.000,1.000,0.730
91,RBX1_V4_Opt_091_mixed,MLSFDYKEWFKWRWRDRWWYDYEWKFHHWYKNYLPRKDDVWLKWADWYFKVYTFAHSHKPEFKSWWGFPEARRRYY,76,1.677,3.000,0.800,0.979
92,RBX1_V4_Opt_092_mixed,MLEHVIEVHHKWNYWERWFDWWNEFFHSHWFYRLFTFWEWDWWFQRWGFRFRLVQAWEFPRAKLERKDQDEEFEVP,76,1.677,3.000,0.800,0.979
93,RBX1_V4_Opt_093_mixed,MELKESYDHSHEYDTREKWGFQWILSDFHHWRVLWNLWFHFEEWPWWWRKVWYKPFWDAFWEKELRKDWKWWINEE,76,1.677,3.000,0.800,0.979
94,RBX1_V4_Opt_094_mixed,MKVRYEYYWGFEWYYKPRHHKKEPADWHSHYFWPKFTWFSWWDFFHWWHFSLQRLFDYNVDKTKDRKDRYWIRYDRRD,78,1.677,3.000,0.800,0.977
95,RBX1_V4_Opt_095_mixed,MWDEHRSFWFNLEKRLPRKDLFKWRWFHHWEDLSWWSWYTWDWLYNWGFWKHYFDFHSHPWQQDFHTWIQLFSVFEDY,78,1.677,3.000,0.800,0.977
96,RBX1_V4_Opt_096_mixed,MIDDAARSRKDDQELFAVFWELEFPDWKWGFKWTRFEPHSHYREHFTEHHNIRKWDWWWKVVQWFDWFKLVLNRFVWE,78,1.677,3.000,0.800,0.977
97,RBX1_V4_Opt_097_mixed,MWDTHRSFWFNLEKRLPRKDLFKWRWFHHWEDLSWWSWYTWDWLYNWGFWKHYLDFHSHPWQQNFWFWIKLKSVFEEF,78,1.677,3.000,0.800,0.977
98,RBX1_V4_Opt_098_mixed,MKKDLAFPWFKEYYEYFHSHDNVEPADFWYQKYVFERWWSFIWEYERKDEYSWWTRHHELELYPTWGFRVETWARLY,77,1.676,3.000,0.800,0.971
99,RBX1_V4_Opt_099_mixed,MWRYEWNWWRLPLQRHHRYLWDDRKDLLVRNQWFFDNNYFKWYTLTQELHSHWELLLSWGFRTEEEVQFTFW,72,1.675,3.000,1.000,0.798
100,RBX1_V4_Opt_100_mixed,MAKRYEYYWGFEIYYKPRHHFKEPADYHSHYFWPKFTWFSWWDDFHWWWFSLQRLFDYNVDVTKERKDRYWIRLFRRD,78,1.674,3.000,0.800,0.964
