name,sequence,length,aromatic_content,optimization_method,generation_score,consensus_score
RBX1_Enhanced_v2_019_arom,YEKFYFWDKARRIYLGDFKKIDYIKEDARWYWEADIRRGLKFKLEEEWDVKWFKLVIYYGYVDA,64,0.28125,enhanced_v2,0.8984375,1.0
RBX1_Enhanced_v2_002_comp,IAYFIEEEVEAYKFHCWEREDFFKLWDIYERWWDREAEYLKIYYFRKIGLGYIKWAFFGWLA,62,0.3225806451612903,enhanced_v2,0.8767741935483871,0.942771645084077
RBX1_Enhanced_v2_009_arom,VHGWADFKEWWFVLRAYDWWFAWDEIVHEEDWERHHVVIIELFRKDWFKHIDRIEDDWFREYYFVWRKL,69,0.2898550724637681,enhanced_v2,0.8685507246376811,0.9220718126261276
RBX1_Enhanced_v2_034_arom,FLYGHWCHIYRKKEEKEVKYLILRVFFKAIGYIWHWYHRALLFYKKDADERWFKFEFVIFAKAERDIIL,69,0.2608695652173913,enhanced_v2,0.8669565217391304,0.9170071991825046
RBX1_Docking_v1_033,LAIEYFLDVFADKEVRVEFAKAKYFWDEFAISRVLVYRVEYFLYYILYAELYKAYDSIDRVID,63,0.2539682539682539,docking_v1,0.8087385031341349,0.898523624512459
RBX1_Enhanced_v2_011_arom,IARFWYWVDWRYVGLHFFKFFYFHHFGVEGVFREEILGKEDRFWFAAYYGFFEYWFFFDIVIFREFKVIYLW,72,0.4166666666666667,enhanced_v2,0.8572222222222222,0.8900038867842968
RBX1_Docking_v1_019,YKSYIKAYDFAYVLDVSFEWDVFSKDFVYIRFLEVWYEFRYVRVFKKARLKVWEIEDWAD,60,0.3,docking_v1,0.8036350265071739,0.88906883937126
RBX1_Enhanced_v2_049_arom,IWRKEIYKKWIVKHYILVIIYLKIILVIDDFFDEFVWWFHGAYFFVYYDYERAARVYFWLEFGKE,65,0.3230769230769231,enhanced_v2,0.8569230769230769,0.8889328750846486
RBX1_Enhanced_v2_031_arom,FWRDEDAILVIILYVWHFYEELVWKAEKYIRYDLAVYIIRYIEYLGDFLYYLLYVFGKVDVRKK,64,0.265625,enhanced_v2,0.85,0.8694803925748034
RBX1_Ultra_v3_026_beta,LRTGSGGFWWYRVGGSGRRLYSGLWWRTYWKTYISGIRYKLTTVTFFYRFVTFKWLFSRVFYSFFSYKLY,70,0.3428571428571428,ultra_v3,0.7780945378151262,0.8635967291965412
RBX1_Enhanced_v2_033_stab,WYIFYFDLVLLKFIAFRDEKYIIIRFIFDLYWELLAIVGYLIFAWFAGWDAELEKLAGWRLWWFALVAYW,70,0.3285714285714285,enhanced_v2,0.8471428571428572,0.8614461155439127
RBX1_Enhanced_v2_018_arom,YEWWFKIYFWVILVIFIIDAFYRRHFFFHWLAALIHLARYFFFEDVFRYYDRVVVIFEYYELLHFFFDFLRFL,73,0.3972602739726027,enhanced_v2,0.8458904109589042,0.8582669958050241
RBX1_Ultra_v3_005_alph,FLEVWREKDAWIFKRWFYLIFILIVSGGGLIFFEARVKEIFYLFWFLVKVYEWIWWYKKLLRYVKDEAKKFK,72,0.3055555555555556,ultra_v3,0.7765244708994709,0.8581178640163072
RBX1_Ultra_v3_049_loop,SFLFLFFFWWELLLGPYYKFHGKRHFRYKGRVLSYLKVPYWHRWFGLHRKYI,52,0.3461538461538461,ultra_v3,0.7762637362637362,0.8575109370375407
RBX1_Ultra_v3_001_alph,IYFRWPGPGIFAEYEFLFLAFFDFLREKDKIYIADFWFKLWFLLIWLRLAKVIWEIYEVALKAYDV,66,0.303030303030303,ultra_v3,0.7742406204906204,0.8505219969938291
RBX1_Enhanced_v2_036_arom,YYWIFHEWLGIEIGILVIRFHCWIYLVDIDREVVFAFYFYIEFDFKFKWRAKLHKVFIYKALDHHF,66,0.303030303030303,enhanced_v2,0.8424242424242424,0.8486743608812216
RBX1_Enhanced_v2_035_stab,FAVVLLFYFWFIVRGFWFIWWLVKGFGKAFEKWYAARAVIIILKIRYELILAVDIKAKLLAFADDK,66,0.2575757575757575,enhanced_v2,0.8424242424242424,0.8486141205683785
RBX1_Enhanced_v2_037_arom,EYIFYYVIYLLLRDAEWYWERVILLDAKVHEWDIARIWLEHYEFFEVALLFYWFIEYFYFDW,62,0.3548387096774194,enhanced_v2,0.8403225806451613,0.8427140098459664
RBX1_Enhanced_v2_039_stab,WRDEDVLVARIIDVRRIGIYLFWRKLVLKFFFGVELRIWWFDIFYIWAEEAEVALWIFYAIAYWFG,66,0.2878787878787879,enhanced_v2,0.8384848484848485,0.8378426334656079
RBX1_Enhanced_v2_017_arom,IYLVHWCHRFVKEEIVVFYVAFILLRVWYRFIAVLDDVAHEAWDEFGWIIEFHLRWVERWRDFL,64,0.25,enhanced_v2,0.8384375,0.8376078146590085
RBX1_Enhanced_v2_038_arom,LAYWEWKLKEEWDEHFLVWILFILWRYKAWWYWYYKHFFFRYERIIELRWAIVKLKAVKRLGRA,64,0.3125,enhanced_v2,0.8375,0.8350660544249675
RBX1_Ultra_v3_015_alph,VFAALCWHCFLIEVFSGGGFIKKAYFFWREWVLLEVLIVAVLYIAIFDEFVELKWWFLYDIFWLLWKVYKIYL,73,0.3013698630136986,ultra_v3,0.7699013372472275,0.8345074204040148
RBX1_Enhanced_v2_028_comp,VFWLFILEDFWFKDRFLWVWYGYRLYLLYILGRDYDFLYKYDVFEWEGRAYYVAYYFDVKDDKGRLF,67,0.373134328358209,enhanced_v2,0.8370149253731343,0.8339926595606638
RBX1_Ultra_v3_013_alph,KLDEEFWFRDLLDLIREDEAWEWFFWWYFLWWWYEAKRLIYAERFDERIVALYAFKIVVAVA,62,0.3064516129032258,ultra_v3,0.7691493855606758,0.8320534936002267
RBX1_Enhanced_v2_043_stab,WKEEYEFYYEVYIKAGEYFDFWKEDLFDDACWHCKRAEWFRLIAVDREIVELWEVFIEFEVFIEEALEADWYWRFIKER,79,0.2784810126582278,enhanced_v2,0.8360759493670887,0.8317607834835903
RBX1_Enhanced_v2_048_stab,KKKIERFLILAVRWCHFLVIAWEKIYWIWLGYAGFEEGAKFRLYYGDVIFFAYALRDYWFGEV,63,0.2857142857142857,enhanced_v2,0.8352380952380952,0.8286888278341475
RBX1_Enhanced_v2_012_arom,VFLIVIFEIEDHVFLILAFEKLAKYFRRFVDAKYDRYDIRFWKRYLEAFVLIKKVWILFFD,61,0.2622950819672131,enhanced_v2,0.8350819672131148,0.8284645774540675
RBX1_Enhanced_v2_008_comp,EVFYRIFKIDWCWHCFLDYREHWCHKILKLDLEAYLVDALFVVKRWVKILYWWEYVADFDLYAEIEFEEDYL,72,0.2638888888888889,enhanced_v2,0.8344444444444444,0.8266429522108034
RBX1_Enhanced_v2_027_arom,YLIFVARDEDFFLILARIFYRIEWHDYFADWIFFWEYVLYVIADVKVIDLYHDFELKEILRVLVDK,66,0.2575757575757575,enhanced_v2,0.833939393939394,0.8253972725718846
RBX1_Enhanced_v2_007_arom,ILFVFVFIKEEIEFYRKDKFLHFKIIFRFYWGKDGWFVRHILALKFWFFGRFLFEWYKLHFFHVGIHK,68,0.3382352941176471,enhanced_v2,0.8338235294117647,0.8248423549631043
RBX1_Enhanced_v2_015_comp,YIRLVIIAWRFWCHFFVVEKARIFWLALFIVFIYKEFAVDLVIKFEYLLAYKFIAFIADRK,61,0.2786885245901639,enhanced_v2,0.8318032786885245,0.819298306282092
RBX1_Enhanced_v2_004_arom,YVFILYELVIIILVIHHDIVEFRGLKWEERFLLERFRADHWWKWKRFDLWWHREGHIFIYF,61,0.2622950819672131,enhanced_v2,0.8318032786885245,0.8192419378194935
RBX1_Enhanced_v2_046_arom,RLWYWIVYLVFVEEIIHEIKKEEFWDYFRRIKRRRDYWYAWHWYVAVHHYHLLFLYVIRYEWWYWKWEFEY,71,0.3661971830985915,enhanced_v2,0.8315492957746479,0.818388070511613
RBX1_Enhanced_v2_030_arom,RFRLYLYGHLDWYAYVVGVVVHVIVRYILVIFAKFFFYFFIDYKFFKILALGDHWDVAIWRWGYIGAFLHI,71,0.3098591549295774,enhanced_v2,0.8301408450704225,0.8149506106626266
RBX1_Ultra_v3_035_beta,IYFKEDELFWYLGPPGPVRYWTWTFRSIFVRVFWITYGWWLTYIYIGSYGVLIYRRI,57,0.3333333333333333,ultra_v3,0.7643684579094795,0.8148841039760464
RBX1_Enhanced_v2_016_arom,YHYKKFAEYYFLFILEWWFFGIFIIIRDWKIKIDYEIAKRWLIWAFVKGRLYKDFLRFYYWIYDRKER,68,0.3529411764705882,enhanced_v2,0.8297058823529412,0.8138109498577935
RBX1_Ultra_v3_043_loop,YRFLFLWWYHIFLVPYFSYKVYLYFSLPKYKHGFGLPHPKFRKSLRSFVLLPRKYGFRFSYYWR,64,0.359375,ultra_v3,0.7640066964285713,0.8135979272719482
RBX1_Ultra_v3_017_alph,DIFVFLVIFRKAVLYHCWCWDIAWRLELLYVIAWLYRFILIEYLWVWYVIFARDIDLIWRRWEWKYL,67,0.2985074626865671,ultra_v3,0.7632133972992181,0.8110398153403644
RBX1_Ultra_v3_014_alph,FLKAALELLWFKDEVWWYAIIVFAEELLLVIIVEFWKYLRDFWYAFKAFLWEDLWKLEDILFFRRFWRKAI,71,0.2957746478873239,ultra_v3,0.763101106639839,0.8105781451786429
RBX1_Ultra_v3_025_beta,LVFGSGGFFLFLKREDELFFVSYTYGFRIRIFTWIFGIYIYIYGLTLIFYLKLYT,55,0.3272727272727272,ultra_v3,0.7624925515660809,0.8084200252903799
RBX1_Ultra_v3_040_loop,RGPGPGLFLFGSGGLRFYGVGWFFWPRVSHYPHPYWRWGFGYSFKRYFPYFYLLWKG,57,0.3684210526315789,ultra_v3,0.7623214285714285,0.8077920668932215
RBX1_Enhanced_v2_020_arom,VKRILKWKRLWHRFYFLFHCWFILLVLRDWHYEEAYWDGDYHYERWWKYKELGKELRVIKI,61,0.2786885245901639,enhanced_v2,0.8252459016393443,0.801886359813816
RBX1_Ultra_v3_052_zinc,YLYKLELLYFWFYYELLLVWFEHAYKFIKCVKLIHHEFFWKEYEVYVWHLHVRFHCHRLKVLRIKHYKFKIKWHFAKYW,79,0.3164556962025316,ultra_v3,0.7592940024110909,0.796921635812653
RBX1_Ultra_v3_053_zinc,WILWLLELLFWYLVFLFLICHVLAVKLFRCFLIVLILYAILKYFYLKKWFLLFHWIIEFLCVFLIAVVFYCAWK,74,0.2972972972972973,ultra_v3,0.7586277348777348,0.7947206502830806
RBX1_Ultra_v3_057_zinc,VHLRELLLKCWHCVLFLFCECWREFLWFRKYVYFRFIAHFLVFAALCHEYHLFLHAHWYFVHAFVKVWC,69,0.2898550724637681,ultra_v3,0.7566036922015184,0.7874329049738154
RBX1_Ultra_v3_056_zinc,EAYLFFLFIWFYLYLFLFHAHEIALRFARELRVHYFHCIKLLEKWCKEWIIVCLKRHLVFFCARKEWVVYCFHWAYYLRH,80,0.2875,ultra_v3,0.7564077380952381,0.786493034650373
RBX1_Ultra_v3_021_alph,IYDLDCWHCFVDWDILLELRVWAWIHWCHYVIFVIVLLDFLERRFIFIVLYVYEYVYFRRRW,62,0.2903225806451613,ultra_v3,0.7543721198156683,0.7797818929157672
RBX1_Ultra_v3_058_zinc,YCFYHCWCRGSGGYWFYLAWLLYVFVLVCIEWCFEAAVFCFYYRKRAHHRAFIYICWRKEAIRIFYAKK,69,0.3188405797101449,ultra_v3,0.751893547273982,0.7709473085974694
RBX1_Ultra_v3_028_beta,TYRLLELVWFYLKLLELFLLTYSYWKSVFFFWKVFKIFRVVLFFTTIKRFSVYVWTVKWKRGYLVRSTYL,70,0.3142857142857143,ultra_v3,0.74556512605042,0.7476424720193064
RBX1_Ultra_v3_051_loop,VIELLLREDEIFLVVSLYWRHSWYLLKYWWVHIWSFGSRFFFHFWSRYWYFWRYGG,56,0.375,ultra_v3,0.7447321428571427,0.7453553082707627
RBX1_Ultra_v3_019_alph,FFKEKIFLVWYADAISGGGIFWVFAELLLWRKYLIWYVRREAKRAFFILKEELFILVEWAFEVFV,65,0.2769230769230769,ultra_v3,0.7446016483516483,0.7447603399355924
RBX1_Ultra_v3_054_zinc,CYFVLVIFVKEDEVFFLFCAAFKLCEFWRFFWIWYKFLIFCVHCYRRKAFWHVHYEREHEIFAAEFARF,69,0.3333333333333333,ultra_v3,0.7423455831608005,0.7370323032472095
RBX1_Enhanced_v2_025_arom,IHIKEEIKFHCWVEFVAHFKDILFHIFLLELEDFIELLYELVHKYRRLFAAEVHHHRYERAYWRF,65,0.2153846153846154,enhanced_v2,0.8007692307692309,0.7331706601774372
RBX1_Ultra_v3_031_beta,LIYGGSGFLELLGGGSGTFYYKFLIGRLVRVWVRKWGYLRLLGKWIYKIVWTSIRKWRFWYYKIFKWWFF,70,0.3142857142857143,ultra_v3,0.7386365546218485,0.7238218983332896
RBX1_Enhanced_v2_001_arom,VADLIDRFKEDKRAVIFKGYRWCHFLYWWAYVAVVHIFVDHYVHRFLKRFVEEHRAHLEIYYFAHIDLH,69,0.2318840579710145,enhanced_v2,0.7969565217391306,0.7230982662113704
RBX1_Enhanced_v2_023_comp,VYGLRVILLAFLILYDEWCHFWDADELYFFEDRVLLWLILIYRWVFREEEVEDADERDYEEFYFFFEDLVVILYYFIWFK,80,0.3,enhanced_v2,0.795,0.7175589967239231
RBX1_Ultra_v3_048_loop,FPLFLFFFWSFFLFKKRVRWKYFGYWLSSHPPLPVYPWWYVVRRYHVFPVHLFHYSLWGGLY,62,0.3870967741935484,ultra_v3,0.7364343317972349,0.7160801179829038
RBX1_Enhanced_v2_026_arom,LILVIIFHEKEDFHWHHWLFLFILYYKHRAVHALRAAIKFLRHEEIEGAWYHYFFYVVKWWHHVFKFAGLAVGIYKYWFR,80,0.2875,enhanced_v2,0.7925000000000001,0.7107345224088076
RBX1_Ultra_v3_020_alph,YDYDAELLLAVEVLFPGPGLIEARVLFLFFFFLAIAWFYWREWFDYIYIDVIVVKLKLLREYLRFLR,67,0.2686567164179104,ultra_v3,0.7317457356076759,0.6983386687518003
RBX1_Ultra_v3_004_alph,FLAVKLVIFAEIVEKHCWCFILAYIFLFLIYVVYWWLVFRWFWEIDIELFLKEFRWWFLEA,61,0.3278688524590163,ultra_v3,0.7302058938329429,0.6932299727566205
RBX1_Enhanced_v2_042_stab,LRAFWFARYFVVALLDFRREIAIVDLDYFWERVVFYIKGVYDFWVEELDVLFYDRYA,57,0.2982456140350877,enhanced_v2,0.7847368421052632,0.6876636317283686
RBX1_Ultra_v3_037_loop,VFFFWSIFLVFFWVSFLSKWKPWYKWHGKGVHSLVVGPGHKRHFHVSWVFRRWVHSYG,58,0.3103448275862069,ultra_v3,0.727173645320197,0.6826574999682458
RBX1_Ultra_v3_060_zinc,VVFRSGGGLLFLFVSGGGKLFCRYYLKVWKWHCLHIKACFHFCAWYAFYVVWIIVECYWVACRRYKVVFIFVVA,74,0.2702702702702703,ultra_v3,0.7265942728442728,0.6806540619104652
RBX1_Ultra_v3_002_alph,WLAYVFFLFKLDFFVWFYLKLWLAILFLFFLVLYRKLWALILFRVWIYDRRAIFLALYVKAWRAAVLADFLLY,73,0.3287671232876712,ultra_v3,0.7262744618395303,0.6799087650494422
RBX1_Enhanced_v2_006_arom,LHAYFLFDRIWRYFFHFDVFLIKEEFLYDFLALEHFKLWVRKIKFGKIFAFKEWF,55,0.3454545454545454,enhanced_v2,0.780909090909091,0.6773357303828894
RBX1_Enhanced_v2_044_comp,IIDLLIVFAWLFAARARREYFWIIEYKAERDERYLGDEKVAWEDLLRLFKVWRFIFKDIWIVYYIELKYA,70,0.2428571428571428,enhanced_v2,0.78,0.67512509079543
RBX1_Ultra_v3_003_alph,LYAWISGGGDLWKAVHWCHFLEFDFREDEWWIAFFAYRWIARYYVEFAIDAYYEIIRRWFDLDYWFI,67,0.3432835820895522,ultra_v3,0.7241959843638948,0.6726423981472089
RBX1_Ultra_v3_009_alph,WEFIIELLLFDLAWIYFWLARKFLLLELLFVVLVVWAVAWLKIYWRRYKIFLEAFYWAEVIFWLFWWV,68,0.3382352941176471,ultra_v3,0.7215371148459383,0.6625206808858137
RBX1_Ultra_v3_024_beta,KFGHCWCFVFILFHCWCWLFFIYSYFYKIKVLKGIGKFFTVKYWFKYVVVLWIVRKFSFWS,61,0.3770491803278688,ultra_v3,0.7211263603802176,0.6613206044548721
RBX1_Enhanced_v2_045_arom,EVLLIVGFHDREKEEKLWLGEHFLAILFVWAVFFVYLFVYREALYRFEFKVAKHRKELIIKFDYRFKIEGYIY,73,0.2465753424657534,enhanced_v2,0.7745205479452055,0.6607861876702337
RBX1_Ultra_v3_036_beta,WKSYFFIIGPPPSHWCHITLVKYYYVGTVSIIWLGGFVKRWKVRWSKKIWLSTKISFYYF,60,0.2833333333333333,ultra_v3,0.718345238095238,0.6509494556190403
RBX1_Ultra_v3_050_loop,WLCWHCFFLFHCWCSRFRVVVSGFHFWWLFGHKKPVSHVFYPFSWFLWFW,50,0.4,ultra_v3,0.7175785714285713,0.6485831721620856
RBX1_Ultra_v3_008_alph,AVADAVFILKFALADHWCHLKIEFEVFILADFFRKIIEVYFKYVWYEDFFYYFAAVWVYRYW,62,0.3387096774193548,ultra_v3,0.717229262672811,0.64763222186132
RBX1_Enhanced_v2_021_stab,LLIVDGFLVYFKFWFIFDKLYRLLYIDGLKAAELAVVYAALVIYGWLLLVEVEKVYKKVEDLAWVYFKDK,70,0.2285714285714285,enhanced_v2,0.77,0.6474476571298218
RBX1_Enhanced_v2_032_arom,EILECWHCDKDWWFAFHIKLIIEEIAIGFKLYHFLRLKAIHGFVVEWWLVVAFGWDRAWIFFIEWAAKD,69,0.2463768115942029,enhanced_v2,0.7685507246376813,0.6438252436314379
RBX1_Ultra_v3_012_alph,LLEAEYFFIKRAVAIFLFLEIIAIYFWFIEAIVLWARFYVRRLEVAIARIRAFDIDVYEWLIY,63,0.2539682539682539,ultra_v3,0.7150462962962962,0.6401547164366036
RBX1_Ultra_v3_018_alph,AYLDLIFLVILEYWIWFYLVEKLFALFLFIYEEFVALFLKFFDIEFALEYFVYIRVYIWRRYWELARYDE,70,0.3428571428571428,ultra_v3,0.7149642857142857,0.6399148160779773
RBX1_Enhanced_v2_010_stab,VVIAILDLLDREDVAFVVAIWLVDLLIVAYRYVRIEYVFLFVFAFLIADLVFIYIFREFDGGIFAIKEWRAGL,73,0.2054794520547945,enhanced_v2,0.7645205479452055,0.632245618033673
RBX1_Enhanced_v2_014_stab,FYLGRRDEYGVFLIKVDLYLDGAKEVRKELKFWLALVKRGGIVEVYRVLVYFFKEYYIIVGVWKLGYVRVEVF,73,0.2191780821917808,enhanced_v2,0.7645205479452055,0.6321766119248102
RBX1_Enhanced_v2_047_stab,LRFLILGWIFGAGLFLFWRREFKYLLIVAFKRDFVIIDIVKWVLDGLLAFKLRIFLLKLLKLEKFEGL,68,0.2058823529411764,enhanced_v2,0.7611764705882353,0.6232862684639993
RBX1_Ultra_v3_030_beta,TVFSGGGSLELLLGPPPFTRSLGWYLYYVKGVGVTYRIRFYGKVKFFSWSYGVFLTFRKILYWWTIL,67,0.2686567164179104,ultra_v3,0.709402201178979,0.6192377022223763
RBX1_Ultra_v3_034_beta,GTKWWYWFLLELGWFYLSTSIVIIYITTYRLSFSGKIIIVSGRGGKGSKYYTSITIIWGFFY,62,0.2741935483870967,ultra_v3,0.7081785714285713,0.6150917804280671
RBX1_Ultra_v3_039_loop,YSGSGGYFWLGPPPWLSIRRSKFFFYLYVGSKHRKWSFPHLIFWVGILKGSRHFSLFVPWI,61,0.2786885245901639,ultra_v3,0.7061621779859484,0.6078485550687103
RBX1_Ultra_v3_047_loop,FFPPGPLLELGPPPGVRVVFFFKVGVFHPRWSGYPFPFFGVGPKWYFGKR,50,0.28,ultra_v3,0.7047785714285714,0.6032991286407456
RBX1_Ultra_v3_027_beta,TWRHWCHVPGPGGYFWLIYIFTFYVYKGYFYKWYFVGFLLGIRVKKSFFVFFTFYST,57,0.4035087719298245,ultra_v3,0.7034861049683031,0.5988789605801346
RBX1_Ultra_v3_022_beta,SGKPGPGVYFFFWGPPPFIGTTYLKWTWYYYIGKSITIIWKVIVVKLILSIFITRVYT,58,0.2586206896551724,ultra_v3,0.6970830918574326,0.5750887843914124
RBX1_Enhanced_v2_041_arom,GFKEEYFHWCHYAFLILKYRVFRKIRKVGRLKRIWRGGLILFFVFLAGIFKWKEKWRKLEDAHRYWFYFFGFVLALWDYGVHL,83,0.2891566265060241,enhanced_v2,0.7419277108433735,0.5699855679658826
RBX1_Ultra_v3_029_beta,VRGELLLISGGGKLLELYIFRKLYLIYVYLLYWWWISGIKILFTSFWFRLYFSVRFKILFITLKI,65,0.2615384615384615,ultra_v3,0.6936291208791208,0.5632026955633143
RBX1_Ultra_v3_011_alph,VWWKYREDEWWRVIFHCWCIWFRYRREKDLYKAKRRLKYEDFAIFIFFYIWREWFWWLAK,60,0.3666666666666666,ultra_v3,0.6914007936507935,0.5551732365642574
RBX1_Ultra_v3_023_beta,FVKLFLFIHCWCFIFLVTGWYKFIIIGVLSKITIGGGSFTLVYFVRLFFLSWFKLLIIVG,60,0.2666666666666666,ultra_v3,0.6879383753501399,0.5436399749886588
RBX1_Enhanced_v2_005_arom,IGWHFAKEWWDCWHCGHLLAEKFHCWKFDRKVVYEIYFLIFKKIAFYEFFHCWVAKWAWWAALFRLLADAIYFIVDVFKYLF,82,0.3170731707317073,enhanced_v2,0.7314634146341463,0.5403828021052908
RBX1_Ultra_v3_006_alph,RFLYKGGSGVEWEDIHCWCALFFVDREDERFLFWAWVALLFFIVKFERYILELKEIIYLEAAFKLERIVLVK,72,0.2222222222222222,ultra_v3,0.6821461640211639,0.5228130206524896
RBX1_Ultra_v3_044_loop,HSYFFFFLFLFWYLGSFGYRRKYYKLPKKYYFRFKWYYLRLWYLLLYVHRS,51,0.4509803921568627,ultra_v3,0.6811309523809522,0.5193031568749162
RBX1_Ultra_v3_038_loop,WWPGPGHCWCGSGGKVSGWSWVYSGIYFSLFHSHYHHLVGHVRFVVGPYFKG,52,0.25,ultra_v3,0.6775824175824176,0.5070761788714057
RBX1_Enhanced_v2_029_comp,YFKIERFLILHWCHEAFVWDAFAYLFVLVILAFGDFIKGKGVVAEYIIKEIDYEVI,56,0.2321428571428571,enhanced_v2,0.7182142857142857,0.5035124411300207
RBX1_Ultra_v3_045_loop,YHLLELSGGGLFLFRLVKGLFVYWYYGRVFFRGYVGFYLRFYFWYFKRFFKPYFFF,56,0.4464285714285714,ultra_v3,0.6742857142857142,0.49511202518840647
RBX1_Ultra_v3_059_zinc,FIKAPPGPKYFWLLPGPGAFHRRLWLHIYKRELHRAIEHVWVYAAAKVVHKCFLHLVIVEYLKFKRICYWFK,72,0.2083333333333333,ultra_v3,0.6699007936507936,0.4792544395704531
RBX1_Docking_v1_013,FDLLVEFYVVAAVDDYSLIVFVDWILRVWAYFVSIFFRYAFSDEELYVKLVYAFFIIKWEIAAEV,65,0.2769230769230769,docking_v1,0.5859342738765752,0.43599065885077976
RBX1_Docking_v1_002,IWFISRWIVWDSLAEIDFLKIVVFIFAADVFFFEIAFVLIIAFWVLVEEYDSDIIVYSKYFVIS,64,0.265625,docking_v1,0.5847838706756069,0.43347076999430656
RBX1_Docking_v1_048,LVLLALDKYEYWYKAVLIFKFAEFDSIIFVFIYFEFDEELESKKILDIVVEAKYDYYVLWVA,62,0.2580645161290322,docking_v1,0.5819285649068954,0.4278245963334599
